{
  "workouts": [
    {
      "id": "1",
      "title": "Full Body Beginner Workout",
      "slug": "full-body-beginner",
      "description": "A gentle full-body routine for beginners.",
      "duration_minutes": 20,
      "level": "beginner",
      "tags": [
        "full-body",
        "beginner"
      ],
      "thumbnail_url": "/placeholder.jpg",
      "video_url": "https://commondatastorage.googleapis.com/gtv-videos-bucket/sample/BigBuckBunny.mp4"
    },
    {
      "id": "2",
      "title": "HIIT Fat Burn",
      "slug": "hiit-fat-burn",
      "description": "High intensity interval training to torch calories.",
      "duration_minutes": 25,
      "level": "advanced",
      "tags": [
        "hiit",
        "cardio"
      ],
      "thumbnail_url": "/placeholder.jpg",
      "video_url": "https://commondatastorage.googleapis.com/gtv-videos-bucket/sample/ForBiggerBlazes.mp4"
    },
    {
      "id": "3",
      "title": "Core Strength Basics",
      "slug": "core-strength-basics",
      "description": "Build a strong, stable core with this 15-minute plan.",
      "duration_minutes": 15,
      "level": "intermediate",
      "tags": [
        "core",
        "strength"
      ],
      "thumbnail_url": "/placeholder.jpg",
      "video_url": "https://commondatastorage.googleapis.com/gtv-videos-bucket/sample/ElephantsDream.mp4"
    }
  ]
}